<?xml version="1.0" encoding="UTF-8"?>
<project-private xmlns="http://www.netbeans.org/ns/project-private/1">
    <editor-bookmarks xmlns="http://www.netbeans.org/ns/editor-bookmarks/2" lastBookmarkId="0"/>
    <open-files xmlns="http://www.netbeans.org/ns/projectui-open-files/2">
        <group>
            <file>file:/C:/Intel/fpt/PRJ301/Assignment/web/WEB-INF/web.xml</file>
            <file>file:/C:/Intel/fpt/PRJ301/Assignment/src/java/User/UserDTO.java</file>
            <file>file:/C:/Intel/fpt/PRJ301/Assignment/web/login.jsp</file>
            <file>file:/C:/Intel/fpt/PRJ301/Assignment/web/css/login.css</file>
            <file>file:/C:/Intel/fpt/PRJ301/Assignment/web/he.jsp</file>
            <file>file:/C:/Intel/fpt/PRJ301/Assignment/src/java/User/UserDAO.java</file>
            <file>file:/C:/Intel/fpt/PRJ301/Assignment/web/admin.jsp</file>
            <file>file:/C:/Intel/fpt/PRJ301/Assignment/web/signup.jsp</file>
            <file>file:/C:/Intel/fpt/PRJ301/Assignment/web/policy.jsp</file>
            <file>file:/C:/Intel/fpt/PRJ301/Assignment/web/UserList.jsp</file>
            <file>file:/C:/Intel/fpt/PRJ301/Assignment/web/index.html</file>
            <file>file:/C:/Intel/fpt/PRJ301/Assignment/src/java/Utils/DBUtils.java</file>
            <file>file:/C:/Intel/fpt/PRJ301/Assignment/src/java/Books/BookDTO.java</file>
            <file>file:/C:/Intel/fpt/PRJ301/Assignment/src/java/Controller/SignUpController.java</file>
            <file>file:/C:/Intel/fpt/PRJ301/Assignment/web/banned.jsp</file>
            <file>file:/C:/Intel/fpt/PRJ301/Assignment/web/menuu.jsp</file>
            <file>file:/C:/Intel/fpt/PRJ301/Assignment/web/BookList.jsp</file>
            <file>file:/C:/Intel/fpt/PRJ301/Assignment/src/java/Controller/AdminController.java</file>
            <file>file:/C:/Intel/fpt/PRJ301/Assignment/src/java/Controller/LoginController.java</file>
            <file>file:/C:/Intel/fpt/PRJ301/Assignment/web/Detail.jsp</file>
            <file>file:/C:/Intel/fpt/PRJ301/Assignment/src/java/Books/BookDAO.java</file>
            <file>file:/C:/Intel/fpt/PRJ301/Assignment/web/menu.jsp</file>
            <file>file:/C:/Intel/fpt/PRJ301/Assignment/web/Edit.jsp</file>
        </group>
    </open-files>
</project-private>
